Mot clé,Catégorie,Page cible,Intention,Priorité,Géo
centre médical levallois perret,Brand,/,N,P1,Levallois
centre médical paris levallois,Brand,/,N,P1,Levallois
centre de santé levallois perret,Brand,/,N,P1,Levallois
centre de santé levallois,Brand,/,N,P1,Levallois
centre médical 92300,Brand,/,N,P1,Levallois
centre médical levallois,Brand,/,N,P1,Levallois
centre de santé 92300,Brand,/,N,P1,Levallois
centre médical secteur 1 levallois,Brand,/,C,P1,Levallois
centre médical tiers payant levallois,Brand,/,C,P1,Levallois
centre médical conventionné levallois,Brand,/,C,P1,Levallois
médecin levallois perret,Brand,/,T,P1,Levallois
médecin levallois,Brand,/,T,P1,Levallois
docteur levallois perret,Brand,/,T,P1,Levallois
rdv médecin levallois,Brand,/,T,P1,Levallois
rendez-vous médecin levallois perret,Brand,/,T,P1,Levallois
centre de santé hauts de seine,Brand,/,N,P2,92
centre médical hauts de seine,Brand,/,N,P2,92
centre médical paris 17,Brand,/,N,P2,Paris
centre de santé paris ouest,Brand,/,N,P2,Paris
centre médical clichy,Brand,/,N,P2,Limitrophe
centre médical neuilly sur seine,Brand,/,N,P2,Limitrophe
centre médical asnières,Brand,/,N,P2,Limitrophe
centre médical courbevoie,Brand,/,N,P2,Limitrophe
ophtalmologue levallois perret,Ophtalmologie,/ophtalmologue-levallois,T,P1,Levallois
ophtalmologue levallois,Ophtalmologie,/ophtalmologue-levallois,T,P1,Levallois
ophtalmo levallois perret,Ophtalmologie,/ophtalmologue-levallois,T,P1,Levallois
ophtalmo levallois,Ophtalmologie,/ophtalmologue-levallois,T,P1,Levallois
ophtalmologiste levallois,Ophtalmologie,/ophtalmologue-levallois,T,P1,Levallois
oculiste levallois perret,Ophtalmologie,/ophtalmologue-levallois,T,P1,Levallois
rendez-vous ophtalmologue levallois,Ophtalmologie,/ophtalmologue-levallois,T,P1,Levallois
rdv ophtalmologue levallois perret,Ophtalmologie,/ophtalmologue-levallois,T,P1,Levallois
rdv ophtalmo levallois,Ophtalmologie,/ophtalmologue-levallois,T,P1,Levallois
ophtalmologue secteur 1 levallois,Ophtalmologie,/ophtalmologue-levallois,C,P1,Levallois
ophtalmologue conventionné levallois,Ophtalmologie,/ophtalmologue-levallois,C,P1,Levallois
ophtalmologue tiers payant levallois,Ophtalmologie,/ophtalmologue-levallois,C,P1,Levallois
ophtalmologue sans dépassement levallois,Ophtalmologie,/ophtalmologue-levallois,C,P1,Levallois
ophtalmologue pas cher levallois,Ophtalmologie,/ophtalmologue-levallois,C,P2,Levallois
ophtalmologue rapide levallois,Ophtalmologie,/ophtalmologue-levallois,T,P1,Levallois
ophtalmologue sans rdv levallois,Ophtalmologie,/ophtalmologue-levallois,T,P1,Levallois
ophtalmologue doctolib levallois,Ophtalmologie,/ophtalmologue-levallois,T,P1,Levallois
ophtalmologue 92300,Ophtalmologie,/ophtalmologue-levallois,T,P1,Levallois
ophtalmologue 92,Ophtalmologie,/ophtalmologue-levallois,T,P2,92
ophtalmologue hauts de seine,Ophtalmologie,/ophtalmologue-levallois,T,P2,92
ophtalmologue clichy,Ophtalmologie,/ophtalmologue-levallois,T,P2,Limitrophe
ophtalmologue neuilly sur seine,Ophtalmologie,/ophtalmologue-levallois,T,P2,Limitrophe
ophtalmologue asnières,Ophtalmologie,/ophtalmologue-levallois,T,P2,Limitrophe
ophtalmologue courbevoie,Ophtalmologie,/ophtalmologue-levallois,T,P2,Limitrophe
ophtalmologue paris 17,Ophtalmologie,/ophtalmologue-levallois,T,P2,Paris
ophtalmologue paris ouest,Ophtalmologie,/ophtalmologue-levallois,T,P2,Paris
rendez-vous ophtalmologue,Ophtalmologie,/ophtalmologue-levallois,T,P1,National
rdv ophtalmologue rapide,Ophtalmologie,/ophtalmologue-levallois,T,P1,National
consultation ophtalmologue,Ophtalmologie,/ophtalmologue-levallois,T,P1,National
première consultation ophtalmologue,Ophtalmologie,/pages/ophtalmologie/premiere-consultation.html,I,P1,National
première consultation ophtalmo,Ophtalmologie,/pages/ophtalmologie/premiere-consultation.html,I,P1,National
comment se passe un rdv ophtalmo,Ophtalmologie,/pages/ophtalmologie/premiere-consultation.html,I,P2,National
que fait ophtalmologue première visite,Ophtalmologie,/pages/ophtalmologie/premiere-consultation.html,I,P2,National
examen de vue levallois,Ophtalmologie,/pages/ophtalmologie/premiere-consultation.html,T,P1,Levallois
examen de vue levallois perret,Ophtalmologie,/pages/ophtalmologie/premiere-consultation.html,T,P1,Levallois
bilan ophtalmologique levallois,Ophtalmologie,/pages/ophtalmologie/premiere-consultation.html,T,P1,Levallois
contrôle vue levallois,Ophtalmologie,/pages/ophtalmologie/premiere-consultation.html,T,P2,Levallois
test de vue levallois,Ophtalmologie,/pages/ophtalmologie/premiere-consultation.html,T,P2,Levallois
ophtalmo enfant levallois,Ophtalmologie,/pages/ophtalmologie/premiere-consultation-enfant.html,T,P1,Levallois
ophtalmologue enfant levallois perret,Ophtalmologie,/pages/ophtalmologie/premiere-consultation-enfant.html,T,P1,Levallois
ophtalmologue pédiatrique levallois,Ophtalmologie,/pages/ophtalmologie/premiere-consultation-enfant.html,T,P1,Levallois
examen vue enfant levallois,Ophtalmologie,/pages/ophtalmologie/premiere-consultation-enfant.html,T,P1,Levallois
ophtalmo bébé levallois,Ophtalmologie,/pages/ophtalmologie/premiere-consultation-enfant.html,T,P2,Levallois
première consultation ophtalmo enfant,Ophtalmologie,/pages/ophtalmologie/premiere-consultation-enfant.html,I,P2,National
consultation suivi ophtalmo levallois,Ophtalmologie,/pages/ophtalmologie/consultation-suivi.html,T,P2,Levallois
suivi ophtalmologique levallois,Ophtalmologie,/pages/ophtalmologie/consultation-suivi.html,T,P2,Levallois
contrôle ophtalmologue annuel,Ophtalmologie,/pages/ophtalmologie/consultation-suivi.html,I,P2,National
renouvellement lunettes levallois,Ophtalmologie,/pages/ophtalmologie/renouvellement-lunettes-lentilles.html,T,P1,Levallois
renouvellement ordonnance lunettes levallois,Ophtalmologie,/pages/ophtalmologie/renouvellement-lunettes-lentilles.html,T,P1,Levallois
renouvellement lentilles levallois,Ophtalmologie,/pages/ophtalmologie/renouvellement-lunettes-lentilles.html,T,P1,Levallois
ordonnance lunettes sans ophtalmologue,Ophtalmologie,/pages/ophtalmologie/renouvellement-lunettes-lentilles.html,I,P1,National
renouvellement lunettes orthoptiste,Ophtalmologie,/pages/ophtalmologie/renouvellement-lunettes-lentilles.html,I,P1,National
renouvellement lunettes sans rdv,Ophtalmologie,/pages/ophtalmologie/renouvellement-lunettes-lentilles.html,T,P2,National
champ visuel humphrey levallois,Ophtalmologie,/pages/ophtalmologie/champ-visuel-humphrey.html,T,P1,Levallois
examen champ visuel levallois,Ophtalmologie,/pages/ophtalmologie/champ-visuel-humphrey.html,T,P1,Levallois
champ visuel humphrey,Ophtalmologie,/pages/ophtalmologie/champ-visuel-humphrey.html,I,P1,National
examen champ visuel ophtalmologue,Ophtalmologie,/pages/ophtalmologie/champ-visuel-humphrey.html,I,P2,National
test champ visuel,Ophtalmologie,/pages/ophtalmologie/champ-visuel-humphrey.html,I,P2,National
champ visuel glaucome,Ophtalmologie,/pages/ophtalmologie/champ-visuel-humphrey.html,I,P2,National
urgences ophtalmo levallois,Ophtalmologie,/pages/ophtalmologie/urgence.html,T,P1,Levallois
urgences ophtalmologiques levallois,Ophtalmologie,/pages/ophtalmologie/urgence.html,T,P1,Levallois
urgences ophtalmo 92,Ophtalmologie,/pages/ophtalmologie/urgence.html,T,P1,92
urgences ophtalmologiques 92,Ophtalmologie,/pages/ophtalmologie/urgence.html,T,P1,92
urgences ophtalmologiques 91,Ophtalmologie,/pages/ophtalmologie/urgence.html,T,P2,91
urgences ophtalmo paris,Ophtalmologie,/pages/ophtalmologie/urgence.html,T,P1,Paris
urgences ophtalmologiques paris,Ophtalmologie,/pages/ophtalmologie/urgence.html,T,P1,Paris
urgences ophtalmo paris ouest,Ophtalmologie,/pages/ophtalmologie/urgence.html,T,P2,Paris
urgence oeil rouge levallois,Ophtalmologie,/pages/ophtalmologie/urgence.html,T,P2,Levallois
urgence ophtalmo sans rendez-vous,Ophtalmologie,/pages/ophtalmologie/urgence.html,T,P1,National
orthoptiste levallois perret,Ophtalmologie,/ophtalmologue-levallois,T,P1,Levallois
orthoptiste levallois,Ophtalmologie,/ophtalmologue-levallois,T,P1,Levallois
orthoptiste 92300,Ophtalmologie,/ophtalmologue-levallois,T,P2,Levallois
bilan orthoptique levallois,Ophtalmologie,/ophtalmologue-levallois,T,P1,Levallois
rééducation orthoptique levallois,Ophtalmologie,/ophtalmologue-levallois,T,P2,Levallois
fond d'oeil levallois,Ophtalmologie,/ophtalmologue-levallois,T,P1,Levallois
fond d'oeil levallois perret,Ophtalmologie,/ophtalmologue-levallois,T,P1,Levallois
OCT rétinien levallois,Ophtalmologie,/ophtalmologue-levallois,T,P2,Levallois
tension oculaire levallois,Ophtalmologie,/ophtalmologue-levallois,T,P2,Levallois
dépistage glaucome levallois,Ophtalmologie,/ophtalmologue-levallois,T,P2,Levallois
médecin généraliste levallois perret,Médecine Générale,/medecin-generaliste-levallois,T,P1,Levallois
médecin généraliste levallois,Médecine Générale,/medecin-generaliste-levallois,T,P1,Levallois
généraliste levallois perret,Médecine Générale,/medecin-generaliste-levallois,T,P1,Levallois
médecin traitant levallois perret,Médecine Générale,/medecin-generaliste-levallois,T,P1,Levallois
médecin traitant levallois,Médecine Générale,/medecin-generaliste-levallois,T,P1,Levallois
docteur généraliste levallois,Médecine Générale,/medecin-generaliste-levallois,T,P1,Levallois
médecin de famille levallois perret,Médecine Générale,/medecin-generaliste-levallois,T,P2,Levallois
rdv médecin généraliste levallois,Médecine Générale,/medecin-generaliste-levallois,T,P1,Levallois
rendez-vous généraliste levallois perret,Médecine Générale,/medecin-generaliste-levallois,T,P1,Levallois
médecin généraliste secteur 1 levallois,Médecine Générale,/medecin-generaliste-levallois,C,P1,Levallois
médecin généraliste conventionné levallois,Médecine Générale,/medecin-generaliste-levallois,C,P1,Levallois
médecin généraliste tiers payant levallois,Médecine Générale,/medecin-generaliste-levallois,C,P1,Levallois
médecin sans rendez-vous levallois,Médecine Générale,/medecin-generaliste-levallois,T,P1,Levallois
médecin généraliste sans rdv levallois,Médecine Générale,/medecin-generaliste-levallois,T,P1,Levallois
consultation sans rdv levallois perret,Médecine Générale,/medecin-generaliste-levallois,T,P1,Levallois
médecin généraliste 92300,Médecine Générale,/medecin-generaliste-levallois,T,P1,Levallois
médecin généraliste 92,Médecine Générale,/medecin-generaliste-levallois,T,P2,92
médecin généraliste clichy,Médecine Générale,/medecin-generaliste-levallois,T,P2,Limitrophe
médecin généraliste neuilly,Médecine Générale,/medecin-generaliste-levallois,T,P2,Limitrophe
médecin généraliste asnières,Médecine Générale,/medecin-generaliste-levallois,T,P2,Limitrophe
médecin généraliste courbevoie,Médecine Générale,/medecin-generaliste-levallois,T,P2,Limitrophe
médecin généraliste paris 17,Médecine Générale,/medecin-generaliste-levallois,T,P2,Paris
consultation médecin généraliste levallois,Médecine Générale,/pages/medecine-generale/consultation.html,T,P1,Levallois
consultation médecine générale levallois perret,Médecine Générale,/pages/medecine-generale/consultation.html,T,P1,Levallois
consultation généraliste secteur 1,Médecine Générale,/pages/medecine-generale/consultation.html,C,P2,National
tarif consultation médecin généraliste secteur 1,Médecine Générale,/pages/tarifs.html,I,P2,National
consultation médecin généraliste sans rdv,Médecine Générale,/pages/medecine-generale/consultation.html,T,P1,National
médecin de garde levallois perret,Médecine Générale,/pages/medecine-generale/urgence.html,T,P1,Levallois
médecin de garde levallois,Médecine Générale,/pages/medecine-generale/urgence.html,T,P1,Levallois
urgences médicales levallois perret,Médecine Générale,/pages/medecine-generale/urgence.html,T,P1,Levallois
urgences médicales levallois,Médecine Générale,/pages/medecine-generale/urgence.html,T,P1,Levallois
consultation urgente levallois,Médecine Générale,/pages/medecine-generale/urgence.html,T,P1,Levallois
médecin urgence sans rendez-vous levallois,Médecine Générale,/pages/medecine-generale/urgence.html,T,P1,Levallois
SOS médecin levallois perret,Médecine Générale,/pages/medecine-generale/urgence.html,T,P2,Levallois
kinésithérapeute levallois perret,Kinésithérapie,/pages/kinesitherapie.html,T,P1,Levallois
kinésithérapeute levallois,Kinésithérapie,/pages/kinesitherapie.html,T,P1,Levallois
kiné levallois perret,Kinésithérapie,/pages/kinesitherapie.html,T,P1,Levallois
kiné levallois,Kinésithérapie,/pages/kinesitherapie.html,T,P1,Levallois
kinésithérapie levallois perret,Kinésithérapie,/pages/kinesitherapie.html,T,P1,Levallois
rdv kiné levallois,Kinésithérapie,/pages/kinesitherapie.html,T,P1,Levallois
rendez-vous kinésithérapeute levallois perret,Kinésithérapie,/pages/kinesitherapie.html,T,P1,Levallois
kiné secteur 1 levallois,Kinésithérapie,/pages/kinesitherapie.html,C,P1,Levallois
kiné conventionné levallois perret,Kinésithérapie,/pages/kinesitherapie.html,C,P1,Levallois
kiné tiers payant levallois,Kinésithérapie,/pages/kinesitherapie.html,C,P1,Levallois
kiné sans dépassement levallois,Kinésithérapie,/pages/kinesitherapie.html,C,P2,Levallois
kinésithérapeute 92300,Kinésithérapie,/pages/kinesitherapie.html,T,P1,Levallois
kiné 92300,Kinésithérapie,/pages/kinesitherapie.html,T,P1,Levallois
kiné 92,Kinésithérapie,/pages/kinesitherapie.html,T,P2,92
kinésithérapeute hauts de seine,Kinésithérapie,/pages/kinesitherapie.html,T,P2,92
kiné clichy,Kinésithérapie,/pages/kinesitherapie.html,T,P2,Limitrophe
kiné neuilly sur seine,Kinésithérapie,/pages/kinesitherapie.html,T,P2,Limitrophe
kiné asnières,Kinésithérapie,/pages/kinesitherapie.html,T,P2,Limitrophe
kiné courbevoie,Kinésithérapie,/pages/kinesitherapie.html,T,P2,Limitrophe
kiné paris 17,Kinésithérapie,/pages/kinesitherapie.html,T,P2,Paris
première consultation kiné levallois,Kinésithérapie,/pages/kinesitherapie/premiere-consultation.html,T,P1,Levallois
première séance kiné que faire,Kinésithérapie,/pages/kinesitherapie/premiere-consultation.html,I,P2,National
première consultation kinésithérapeute,Kinésithérapie,/pages/kinesitherapie/premiere-consultation.html,I,P2,National
séance kiné suivi levallois,Kinésithérapie,/pages/kinesitherapie/consultation-suivi.html,T,P2,Levallois
suivi kinésithérapie levallois,Kinésithérapie,/pages/kinesitherapie/consultation-suivi.html,T,P2,Levallois
rééducation épaule levallois,Kinésithérapie,/pages/kinesitherapie/reeducation-membres-superieurs.html,T,P1,Levallois
kiné épaule levallois perret,Kinésithérapie,/pages/kinesitherapie/reeducation-membres-superieurs.html,T,P1,Levallois
rééducation coude levallois,Kinésithérapie,/pages/kinesitherapie/reeducation-membres-superieurs.html,T,P2,Levallois
rééducation poignet levallois,Kinésithérapie,/pages/kinesitherapie/reeducation-membres-superieurs.html,T,P2,Levallois
kiné tendinite épaule levallois,Kinésithérapie,/pages/kinesitherapie/reeducation-membres-superieurs.html,T,P2,Levallois
kiné canal carpien levallois,Kinésithérapie,/pages/kinesitherapie/reeducation-membres-superieurs.html,T,P2,Levallois
rééducation membre supérieur,Kinésithérapie,/pages/kinesitherapie/reeducation-membres-superieurs.html,I,P3,National
rééducation genou levallois,Kinésithérapie,/pages/kinesitherapie/reeducation-membres-inferieurs.html,T,P1,Levallois
kiné genou levallois perret,Kinésithérapie,/pages/kinesitherapie/reeducation-membres-inferieurs.html,T,P1,Levallois
rééducation cheville levallois,Kinésithérapie,/pages/kinesitherapie/reeducation-membres-inferieurs.html,T,P2,Levallois
rééducation hanche levallois,Kinésithérapie,/pages/kinesitherapie/reeducation-membres-inferieurs.html,T,P2,Levallois
kiné entorse cheville levallois,Kinésithérapie,/pages/kinesitherapie/reeducation-membres-inferieurs.html,T,P2,Levallois
kiné ligaments croisés levallois,Kinésithérapie,/pages/kinesitherapie/reeducation-membres-inferieurs.html,T,P2,Levallois
rééducation prothèse genou levallois,Kinésithérapie,/pages/kinesitherapie/reeducation-membres-inferieurs.html,T,P2,Levallois
rééducation post-opératoire levallois,Kinésithérapie,/pages/kinesitherapie/reeducation-post-operatoire.html,T,P1,Levallois
kiné post-opératoire levallois perret,Kinésithérapie,/pages/kinesitherapie/reeducation-post-operatoire.html,T,P1,Levallois
rééducation après opération genou,Kinésithérapie,/pages/kinesitherapie/reeducation-post-operatoire.html,I,P2,National
rééducation après opération épaule,Kinésithérapie,/pages/kinesitherapie/reeducation-post-operatoire.html,I,P2,National
kiné après chirurgie,Kinésithérapie,/pages/kinesitherapie/reeducation-post-operatoire.html,I,P2,National
kiné dos levallois,Kinésithérapie,/pages/kinesitherapie/rachis-cervical-dorsal-lombaire.html,T,P1,Levallois
kiné dos levallois perret,Kinésithérapie,/pages/kinesitherapie/rachis-cervical-dorsal-lombaire.html,T,P1,Levallois
kiné mal de dos levallois,Kinésithérapie,/pages/kinesitherapie/rachis-cervical-dorsal-lombaire.html,T,P1,Levallois
kiné cervicales levallois,Kinésithérapie,/pages/kinesitherapie/rachis-cervical-dorsal-lombaire.html,T,P1,Levallois
kiné lombalgie levallois,Kinésithérapie,/pages/kinesitherapie/rachis-cervical-dorsal-lombaire.html,T,P1,Levallois
kiné hernie discale levallois,Kinésithérapie,/pages/kinesitherapie/rachis-cervical-dorsal-lombaire.html,T,P2,Levallois
kiné sciatique levallois,Kinésithérapie,/pages/kinesitherapie/rachis-cervical-dorsal-lombaire.html,T,P2,Levallois
kiné lumbago levallois,Kinésithérapie,/pages/kinesitherapie/rachis-cervical-dorsal-lombaire.html,T,P2,Levallois
kiné torticolis levallois,Kinésithérapie,/pages/kinesitherapie/rachis-cervical-dorsal-lombaire.html,T,P2,Levallois
rééducation rachis cervical,Kinésithérapie,/pages/kinesitherapie/rachis-cervical-dorsal-lombaire.html,I,P3,National
rééducation rachis lombaire,Kinésithérapie,/pages/kinesitherapie/rachis-cervical-dorsal-lombaire.html,I,P3,National
kiné rhumatologie levallois,Kinésithérapie,/pages/kinesitherapie/rhumatologie.html,T,P1,Levallois
kiné arthrose levallois,Kinésithérapie,/pages/kinesitherapie/rhumatologie.html,T,P1,Levallois
kiné polyarthrite levallois,Kinésithérapie,/pages/kinesitherapie/rhumatologie.html,T,P2,Levallois
kiné spondylarthrite levallois,Kinésithérapie,/pages/kinesitherapie/rhumatologie.html,T,P2,Levallois
kiné arthrose genou,Kinésithérapie,/pages/kinesitherapie/rhumatologie.html,I,P3,National
kiné scoliose adolescent levallois,Kinésithérapie,/pages/kinesitherapie/scoliose-adolescent.html,T,P1,Levallois
scoliose adolescent kiné,Kinésithérapie,/pages/kinesitherapie/scoliose-adolescent.html,I,P2,National
kiné scoliose levallois perret,Kinésithérapie,/pages/kinesitherapie/scoliose-adolescent.html,T,P1,Levallois
rééducation scoliose adolescent,Kinésithérapie,/pages/kinesitherapie/scoliose-adolescent.html,I,P2,National
kiné traumatologie levallois,Kinésithérapie,/pages/kinesitherapie/traumatisme-adulte.html,T,P1,Levallois
kiné fracture levallois,Kinésithérapie,/pages/kinesitherapie/traumatisme-adulte.html,T,P1,Levallois
kiné entorse levallois perret,Kinésithérapie,/pages/kinesitherapie/traumatisme-adulte.html,T,P1,Levallois
kiné luxation levallois,Kinésithérapie,/pages/kinesitherapie/traumatisme-adulte.html,T,P2,Levallois
rééducation fracture poignet,Kinésithérapie,/pages/kinesitherapie/traumatisme-adulte.html,I,P3,National
kiné traumatisme adolescent levallois,Kinésithérapie,/pages/kinesitherapie/traumatisme-adolescent.html,T,P2,Levallois
kiné sportif adolescent levallois,Kinésithérapie,/pages/kinesitherapie/traumatisme-adolescent.html,T,P2,Levallois
drainage lymphatique levallois,Kinésithérapie,/pages/kinesitherapie/drainage-lymphatique.html,T,P1,Levallois
drainage lymphatique levallois perret,Kinésithérapie,/pages/kinesitherapie/drainage-lymphatique.html,T,P1,Levallois
kiné drainage lymphatique levallois,Kinésithérapie,/pages/kinesitherapie/drainage-lymphatique.html,T,P1,Levallois
drainage lymphatique jambes lourdes,Kinésithérapie,/pages/kinesitherapie/drainage-lymphatique.html,I,P2,National
drainage lymphatique post-opératoire,Kinésithérapie,/pages/kinesitherapie/drainage-lymphatique.html,I,P2,National
kiné femme enceinte levallois,Kinésithérapie,/pages/kinesitherapie/femme-enceinte.html,T,P1,Levallois
kiné grossesse levallois perret,Kinésithérapie,/pages/kinesitherapie/femme-enceinte.html,T,P1,Levallois
kiné périnée levallois,Kinésithérapie,/pages/kinesitherapie/femme-enceinte.html,T,P1,Levallois
rééducation périnéale levallois,Kinésithérapie,/pages/kinesitherapie/femme-enceinte.html,T,P1,Levallois
kiné post-partum levallois,Kinésithérapie,/pages/kinesitherapie/femme-enceinte.html,T,P1,Levallois
préparation accouchement kiné levallois,Kinésithérapie,/pages/kinesitherapie/femme-enceinte.html,T,P2,Levallois
rééducation abdominale post-partum levallois,Kinésithérapie,/pages/kinesitherapie/femme-enceinte.html,T,P2,Levallois
kiné périnée après accouchement,Kinésithérapie,/pages/kinesitherapie/femme-enceinte.html,I,P2,National
électrothérapie levallois,Kinésithérapie,/pages/kinesitherapie/electrotherapie.html,T,P1,Levallois
kiné électrothérapie levallois perret,Kinésithérapie,/pages/kinesitherapie/electrotherapie.html,T,P2,Levallois
TENS kinésithérapie levallois,Kinésithérapie,/pages/kinesitherapie/electrotherapie.html,T,P2,Levallois
ultrasons kinésithérapie,Kinésithérapie,/pages/kinesitherapie/electrotherapie.html,I,P3,National
renforcement abdominal levallois,Kinésithérapie,/pages/kinesitherapie/renforcement-abdominal.html,T,P1,Levallois
kiné abdominaux levallois perret,Kinésithérapie,/pages/kinesitherapie/renforcement-abdominal.html,T,P2,Levallois
gainage kiné levallois,Kinésithérapie,/pages/kinesitherapie/renforcement-abdominal.html,T,P2,Levallois
renforcement musculaire abdominaux kiné,Kinésithérapie,/pages/kinesitherapie/renforcement-abdominal.html,I,P3,National
kiné sans ordonnance levallois,Kinésithérapie,/pages/kinesitherapie/seance-sans-ordonnance.html,T,P1,Levallois
séance kiné sans ordonnance levallois perret,Kinésithérapie,/pages/kinesitherapie/seance-sans-ordonnance.html,T,P1,Levallois
kiné sans prescription levallois,Kinésithérapie,/pages/kinesitherapie/seance-sans-ordonnance.html,T,P1,Levallois
kiné accès direct levallois,Kinésithérapie,/pages/kinesitherapie/seance-sans-ordonnance.html,T,P2,Levallois
peut-on aller chez le kiné sans ordonnance,Kinésithérapie,/pages/kinesitherapie/seance-sans-ordonnance.html,I,P1,National
kiné sans ordonnance prix,Kinésithérapie,/pages/kinesitherapie/seance-sans-ordonnance.html,I,P2,National
infirmier levallois perret,Soins Infirmiers,/pages/soins-infirmiers.html,T,P1,Levallois
infirmier levallois,Soins Infirmiers,/pages/soins-infirmiers.html,T,P1,Levallois
infirmière levallois perret,Soins Infirmiers,/pages/soins-infirmiers.html,T,P1,Levallois
soins infirmiers levallois perret,Soins Infirmiers,/pages/soins-infirmiers.html,T,P1,Levallois
soins infirmiers levallois,Soins Infirmiers,/pages/soins-infirmiers.html,T,P1,Levallois
cabinet infirmier levallois,Soins Infirmiers,/pages/soins-infirmiers.html,T,P1,Levallois
rdv infirmier levallois,Soins Infirmiers,/pages/soins-infirmiers.html,T,P1,Levallois
infirmier 92300,Soins Infirmiers,/pages/soins-infirmiers.html,T,P1,Levallois
infirmier secteur 1 levallois,Soins Infirmiers,/pages/soins-infirmiers.html,C,P1,Levallois
infirmier tiers payant levallois,Soins Infirmiers,/pages/soins-infirmiers.html,C,P2,Levallois
vaccination levallois perret,Soins Infirmiers,/pages/soins-infirmiers/vaccination-adulte.html,T,P1,Levallois
vaccination adulte levallois,Soins Infirmiers,/pages/soins-infirmiers/vaccination-adulte.html,T,P1,Levallois
vaccin levallois perret,Soins Infirmiers,/pages/soins-infirmiers/vaccination-adulte.html,T,P1,Levallois
vaccin grippe levallois,Soins Infirmiers,/pages/soins-infirmiers/vaccination-adulte.html,T,P1,Levallois
rappel vaccin levallois,Soins Infirmiers,/pages/soins-infirmiers/vaccination-adulte.html,T,P2,Levallois
vaccination covid levallois perret,Soins Infirmiers,/pages/soins-infirmiers/vaccination-adulte.html,T,P2,Levallois
vaccin DTP rappel adulte,Soins Infirmiers,/pages/soins-infirmiers/vaccination-adulte.html,I,P3,National
vaccination pédiatrique levallois,Soins Infirmiers,/pages/soins-infirmiers/vaccination-pediatrique.html,T,P1,Levallois
vaccin enfant levallois perret,Soins Infirmiers,/pages/soins-infirmiers/vaccination-pediatrique.html,T,P1,Levallois
vaccin bébé levallois,Soins Infirmiers,/pages/soins-infirmiers/vaccination-pediatrique.html,T,P1,Levallois
vaccin obligatoire enfant levallois,Soins Infirmiers,/pages/soins-infirmiers/vaccination-pediatrique.html,T,P1,Levallois
calendrier vaccinal enfant,Soins Infirmiers,/pages/soins-infirmiers/vaccination-pediatrique.html,I,P2,National
prise de sang levallois perret,Soins Infirmiers,/pages/soins-infirmiers/bilan-sanguin-ecbu.html,T,P1,Levallois
prise de sang levallois,Soins Infirmiers,/pages/soins-infirmiers/bilan-sanguin-ecbu.html,T,P1,Levallois
bilan sanguin levallois perret,Soins Infirmiers,/pages/soins-infirmiers/bilan-sanguin-ecbu.html,T,P1,Levallois
bilan sanguin levallois,Soins Infirmiers,/pages/soins-infirmiers/bilan-sanguin-ecbu.html,T,P1,Levallois
ECBU levallois perret,Soins Infirmiers,/pages/soins-infirmiers/bilan-sanguin-ecbu.html,T,P1,Levallois
analyse sang sans rdv levallois,Soins Infirmiers,/pages/soins-infirmiers/bilan-sanguin-ecbu.html,T,P2,Levallois
prise de sang à jeun levallois,Soins Infirmiers,/pages/soins-infirmiers/bilan-sanguin-ecbu.html,T,P2,Levallois
injection levallois perret,Soins Infirmiers,/pages/soins-infirmiers/injection.html,T,P1,Levallois
injection infirmier levallois,Soins Infirmiers,/pages/soins-infirmiers/injection.html,T,P1,Levallois
injection intramusculaire levallois,Soins Infirmiers,/pages/soins-infirmiers/injection.html,T,P2,Levallois
injection sous-cutanée levallois,Soins Infirmiers,/pages/soins-infirmiers/injection.html,T,P2,Levallois
pansement infirmier levallois perret,Soins Infirmiers,/pages/soins-infirmiers/pansement-simple.html,T,P1,Levallois
pansement simple levallois,Soins Infirmiers,/pages/soins-infirmiers/pansement-simple.html,T,P1,Levallois
réfection pansement levallois,Soins Infirmiers,/pages/soins-infirmiers/pansement-simple.html,T,P2,Levallois
pansement post-chirurgical levallois,Soins Infirmiers,/pages/soins-infirmiers/pansement-post-chirurgical.html,T,P1,Levallois
pansement post-opératoire levallois perret,Soins Infirmiers,/pages/soins-infirmiers/pansement-post-chirurgical.html,T,P1,Levallois
soins post-opératoires infirmier levallois,Soins Infirmiers,/pages/soins-infirmiers/pansement-post-chirurgical.html,T,P1,Levallois
pansement post-chirurgical infirmier,Soins Infirmiers,/pages/soins-infirmiers/pansement-post-chirurgical.html,I,P2,National
retrait fils levallois perret,Soins Infirmiers,/pages/soins-infirmiers/retrait-fils-agrafes.html,T,P1,Levallois
retrait agrafes levallois,Soins Infirmiers,/pages/soins-infirmiers/retrait-fils-agrafes.html,T,P1,Levallois
retrait fils agrafes infirmier levallois,Soins Infirmiers,/pages/soins-infirmiers/retrait-fils-agrafes.html,T,P1,Levallois
retrait agrafes infirmier,Soins Infirmiers,/pages/soins-infirmiers/retrait-fils-agrafes.html,I,P1,National
retrait fils de suture infirmier,Soins Infirmiers,/pages/soins-infirmiers/retrait-fils-agrafes.html,I,P2,National
surveillance constantes levallois,Soins Infirmiers,/pages/soins-infirmiers/surveillance-constantes.html,T,P2,Levallois
prise tension artérielle levallois,Soins Infirmiers,/pages/soins-infirmiers/surveillance-constantes.html,T,P2,Levallois
glycémie capillaire infirmier levallois,Soins Infirmiers,/pages/soins-infirmiers/surveillance-constantes.html,T,P2,Levallois
test antigénique levallois perret,Soins Infirmiers,/pages/soins-infirmiers/test-antigenique.html,T,P1,Levallois
test covid levallois,Soins Infirmiers,/pages/soins-infirmiers/test-antigenique.html,T,P1,Levallois
test antigénique levallois,Soins Infirmiers,/pages/soins-infirmiers/test-antigenique.html,T,P1,Levallois
test grippe levallois perret,Soins Infirmiers,/pages/soins-infirmiers/test-antigenique.html,T,P2,Levallois
bilan prévention infirmier levallois,Soins Infirmiers,/pages/soins-infirmiers/bilan-prevention.html,T,P2,Levallois
bilan de santé infirmier levallois,Soins Infirmiers,/pages/soins-infirmiers/bilan-prevention.html,T,P2,Levallois
rendez-vous de prévention,Soins Infirmiers,/pages/soins-infirmiers/bilan-prevention.html,I,P3,National
psychologue levallois perret,Psychologie,/pages/psychologie.html,T,P1,Levallois
psychologue levallois,Psychologie,/pages/psychologie.html,T,P1,Levallois
psy levallois perret,Psychologie,/pages/psychologie.html,T,P1,Levallois
psy levallois,Psychologie,/pages/psychologie.html,T,P1,Levallois
psychothérapeute levallois perret,Psychologie,/pages/psychologie.html,T,P1,Levallois
psychothérapie levallois perret,Psychologie,/pages/psychologie.html,T,P1,Levallois
rdv psychologue levallois,Psychologie,/pages/psychologie.html,T,P1,Levallois
rendez-vous psychologue levallois perret,Psychologie,/pages/psychologie.html,T,P1,Levallois
psychologue pas cher levallois,Psychologie,/pages/psychologie.html,C,P1,Levallois
psychologue remboursé levallois,Psychologie,/pages/psychologie.html,C,P1,Levallois
psychologue secteur 1 levallois,Psychologie,/pages/psychologie.html,C,P1,Levallois
psychologue conventionné levallois,Psychologie,/pages/psychologie.html,C,P1,Levallois
psychologue tiers payant levallois,Psychologie,/pages/psychologie.html,C,P1,Levallois
psychologue 92300,Psychologie,/pages/psychologie.html,T,P1,Levallois
psychologue 92,Psychologie,/pages/psychologie.html,T,P2,92
psychologue clichy,Psychologie,/pages/psychologie.html,T,P2,Limitrophe
psychologue neuilly sur seine,Psychologie,/pages/psychologie.html,T,P2,Limitrophe
psychologue asnières,Psychologie,/pages/psychologie.html,T,P2,Limitrophe
psychologue courbevoie,Psychologie,/pages/psychologie.html,T,P2,Limitrophe
psychologue paris 17,Psychologie,/pages/psychologie.html,T,P2,Paris
consultation psychologue levallois,Psychologie,/pages/psychologie.html,T,P1,Levallois
thérapie individuelle levallois,Psychologie,/pages/psychologie.html,T,P2,Levallois
psychologue anxiété levallois,Psychologie,/pages/psychologie.html,T,P1,Levallois
psychologue dépression levallois,Psychologie,/pages/psychologie.html,T,P1,Levallois
psychologue stress levallois perret,Psychologie,/pages/psychologie.html,T,P1,Levallois
psychologue burn-out levallois,Psychologie,/pages/psychologie.html,T,P2,Levallois
psychologue deuil levallois,Psychologie,/pages/psychologie.html,T,P2,Levallois
psychologue trouble du sommeil levallois,Psychologie,/pages/psychologie.html,T,P2,Levallois
psychologue couple levallois perret,Psychologie,/pages/psychologie.html,T,P2,Levallois
psychologue adolescent levallois,Psychologie,/pages/psychologie.html,T,P2,Levallois
première séance psychologue levallois,Psychologie,/pages/psychologie/premiere-seance.html,T,P1,Levallois
première consultation psychologue,Psychologie,/pages/psychologie/premiere-seance.html,I,P1,National
comment se passe première séance psy,Psychologie,/pages/psychologie/premiere-seance.html,I,P1,National
que dire à un psychologue première séance,Psychologie,/pages/psychologie/premiere-seance.html,I,P2,National
mon soutien psy levallois,Psychologie,/pages/psychologie/mon-soutien-psy.html,T,P1,Levallois
mon soutien psy,Psychologie,/pages/psychologie/mon-soutien-psy.html,I,P1,National
monpsy remboursement,Psychologie,/pages/psychologie/mon-soutien-psy.html,I,P1,National
psychologue remboursé sécurité sociale,Psychologie,/pages/psychologie/mon-soutien-psy.html,I,P1,National
séances psychologue remboursées,Psychologie,/pages/psychologie/mon-soutien-psy.html,I,P1,National
8 séances psychologue remboursées,Psychologie,/pages/psychologie/mon-soutien-psy.html,I,P1,National
mon soutien psy comment ça marche,Psychologie,/pages/psychologie/mon-soutien-psy.html,I,P1,National
psychologue remboursé comment faire,Psychologie,/pages/psychologie/mon-soutien-psy.html,I,P1,National
psychotraumatisme levallois,Psychologie,/pages/psychologie/psychotraumatologie.html,T,P1,Levallois
psychotraumatologie levallois perret,Psychologie,/pages/psychologie/psychotraumatologie.html,T,P1,Levallois
psychologue trauma levallois,Psychologie,/pages/psychologie/psychotraumatologie.html,T,P1,Levallois
EMDR levallois perret,Psychologie,/pages/psychologie/psychotraumatologie.html,T,P1,Levallois
psychologue PTSD levallois,Psychologie,/pages/psychologie/psychotraumatologie.html,T,P2,Levallois
stress post-traumatique psychologue,Psychologie,/pages/psychologie/psychotraumatologie.html,I,P2,National
EMDR psychologue,Psychologie,/pages/psychologie/psychotraumatologie.html,I,P2,National
psychotraumatisme traitement,Psychologie,/pages/psychologie/psychotraumatologie.html,I,P3,National
diététicien levallois perret,Diététique,/pages/dieteticien.html,T,P1,Levallois
diététicien levallois,Diététique,/pages/dieteticien.html,T,P1,Levallois
diététicienne levallois perret,Diététique,/pages/dieteticien.html,T,P1,Levallois
nutritionniste levallois perret,Diététique,/pages/dieteticien.html,T,P1,Levallois
nutritionniste levallois,Diététique,/pages/dieteticien.html,T,P1,Levallois
diététicien nutritionniste levallois,Diététique,/pages/dieteticien.html,T,P1,Levallois
rdv diététicien levallois,Diététique,/pages/dieteticien.html,T,P1,Levallois
rendez-vous nutritionniste levallois perret,Diététique,/pages/dieteticien.html,T,P1,Levallois
diététicien remboursé levallois,Diététique,/pages/dieteticien.html,C,P1,Levallois
diététicien secteur 1 levallois,Diététique,/pages/dieteticien.html,C,P1,Levallois
nutritionniste pas cher levallois,Diététique,/pages/dieteticien.html,C,P1,Levallois
diététicien conventionné levallois perret,Diététique,/pages/dieteticien.html,C,P1,Levallois
diététicien 92300,Diététique,/pages/dieteticien.html,T,P1,Levallois
diététicien 92,Diététique,/pages/dieteticien.html,T,P2,92
nutritionniste 92,Diététique,/pages/dieteticien.html,T,P2,92
diététicien clichy,Diététique,/pages/dieteticien.html,T,P2,Limitrophe
diététicien neuilly sur seine,Diététique,/pages/dieteticien.html,T,P2,Limitrophe
diététicien asnières,Diététique,/pages/dieteticien.html,T,P2,Limitrophe
diététicien courbevoie,Diététique,/pages/dieteticien.html,T,P2,Limitrophe
nutritionniste paris 17,Diététique,/pages/dieteticien.html,T,P2,Paris
diététicien paris ouest,Diététique,/pages/dieteticien.html,T,P2,Paris
première consultation diététicien levallois,Diététique,/pages/dieteticien/premiere-consultation-nutrition.html,T,P1,Levallois
bilan nutritionnel levallois,Diététique,/pages/dieteticien/premiere-consultation-nutrition.html,T,P1,Levallois
consultation nutrition levallois perret,Diététique,/pages/dieteticien/premiere-consultation-nutrition.html,T,P1,Levallois
bilan diététique levallois,Diététique,/pages/dieteticien/premiere-consultation-nutrition.html,T,P1,Levallois
première consultation diététicien comment ça se passe,Diététique,/pages/dieteticien/premiere-consultation-nutrition.html,I,P2,National
rééquilibrage alimentaire levallois,Diététique,/pages/dieteticien/reequilibrage-alimentaire.html,T,P1,Levallois
rééquilibrage alimentaire levallois perret,Diététique,/pages/dieteticien/reequilibrage-alimentaire.html,T,P1,Levallois
rééquilibrage alimentaire diététicien,Diététique,/pages/dieteticien/reequilibrage-alimentaire.html,I,P1,National
rééquilibrage alimentaire sans régime,Diététique,/pages/dieteticien/reequilibrage-alimentaire.html,I,P2,National
plan alimentaire personnalisé,Diététique,/pages/dieteticien/reequilibrage-alimentaire.html,I,P2,National
alimentation équilibrée diététicien,Diététique,/pages/dieteticien/reequilibrage-alimentaire.html,I,P3,National
consultation diabète diététicien levallois,Diététique,/pages/dieteticien/diabete.html,T,P1,Levallois
diabète nutritionniste levallois perret,Diététique,/pages/dieteticien/diabete.html,T,P1,Levallois
alimentation diabète type 2,Diététique,/pages/dieteticien/diabete.html,I,P1,National
régime diabète type 2,Diététique,/pages/dieteticien/diabete.html,I,P1,National
index glycémique diabète,Diététique,/pages/dieteticien/diabete.html,I,P2,National
diététicien diabète gestationnel levallois,Diététique,/pages/dieteticien/diabete.html,T,P2,Levallois
consultation obésité levallois,Diététique,/pages/dieteticien/obesite-surpoids.html,T,P1,Levallois
surpoids diététicien levallois perret,Diététique,/pages/dieteticien/obesite-surpoids.html,T,P1,Levallois
perte de poids nutritionniste levallois,Diététique,/pages/dieteticien/obesite-surpoids.html,T,P1,Levallois
perte de poids diététicien,Diététique,/pages/dieteticien/obesite-surpoids.html,I,P1,National
IMC obésité consultation,Diététique,/pages/dieteticien/obesite-surpoids.html,I,P2,National
accompagnement perte de poids nutritionniste,Diététique,/pages/dieteticien/obesite-surpoids.html,I,P2,National
chirurgie bariatrique pré-opératoire levallois,Diététique,/pages/dieteticien/chirurgie-bariatrique-pre-op.html,T,P1,Levallois
diététicien sleeve bypass levallois,Diététique,/pages/dieteticien/chirurgie-bariatrique-pre-op.html,T,P1,Levallois
préparation chirurgie bariatrique diététicien,Diététique,/pages/dieteticien/chirurgie-bariatrique-pre-op.html,I,P1,National
suivi nutritionnel pré-opératoire sleeve,Diététique,/pages/dieteticien/chirurgie-bariatrique-pre-op.html,I,P2,National
bilan avant sleeve diététicien,Diététique,/pages/dieteticien/chirurgie-bariatrique-pre-op.html,I,P2,National
suivi post-opératoire bariatrique levallois,Diététique,/pages/dieteticien/chirurgie-bariatrique-post-op.html,T,P1,Levallois
alimentation après sleeve levallois,Diététique,/pages/dieteticien/chirurgie-bariatrique-post-op.html,T,P1,Levallois
diététicien post sleeve bypass levallois,Diététique,/pages/dieteticien/chirurgie-bariatrique-post-op.html,T,P1,Levallois
alimentation après sleeve bypass,Diététique,/pages/dieteticien/chirurgie-bariatrique-post-op.html,I,P1,National
carences après chirurgie bariatrique,Diététique,/pages/dieteticien/chirurgie-bariatrique-post-op.html,I,P2,National
que manger après sleeve,Diététique,/pages/dieteticien/chirurgie-bariatrique-post-op.html,I,P1,National
allergie alimentaire diététicien levallois,Diététique,/pages/dieteticien/allergies-intolerance.html,T,P1,Levallois
intolérance alimentaire levallois perret,Diététique,/pages/dieteticien/allergies-intolerance.html,T,P1,Levallois
intolérance lactose diététicien levallois,Diététique,/pages/dieteticien/allergies-intolerance.html,T,P1,Levallois
intolérance gluten diététicien levallois,Diététique,/pages/dieteticien/allergies-intolerance.html,T,P1,Levallois
régime FODMAPs diététicien,Diététique,/pages/dieteticien/allergies-intolerance.html,I,P1,National
intolérance alimentaire consultation,Diététique,/pages/dieteticien/allergies-intolerance.html,I,P2,National
régime sans gluten diététicien,Diététique,/pages/dieteticien/allergies-intolerance.html,I,P2,National
maladie coeliaque nutrition,Diététique,/pages/dieteticien/allergies-intolerance.html,I,P3,National
troubles comportement alimentaire levallois,Diététique,/pages/dieteticien/troubles-comportement-alimentaire.html,T,P1,Levallois
TCA diététicien levallois perret,Diététique,/pages/dieteticien/troubles-comportement-alimentaire.html,T,P1,Levallois
anorexie boulimie diététicien levallois,Diététique,/pages/dieteticien/troubles-comportement-alimentaire.html,T,P1,Levallois
TCA nutritionniste,Diététique,/pages/dieteticien/troubles-comportement-alimentaire.html,I,P1,National
diététicien troubles alimentaires,Diététique,/pages/dieteticien/troubles-comportement-alimentaire.html,I,P2,National
hyperphagie diététicien,Diététique,/pages/dieteticien/troubles-comportement-alimentaire.html,I,P2,National
boulimie accompagnement nutritionnel,Diététique,/pages/dieteticien/troubles-comportement-alimentaire.html,I,P3,National
nutrition enfant diététicien levallois,Diététique,/pages/dieteticien/enfant-nutrition.html,T,P1,Levallois
diététicien pédiatrique levallois perret,Diététique,/pages/dieteticien/enfant-nutrition.html,T,P1,Levallois
nutritionniste enfant levallois,Diététique,/pages/dieteticien/enfant-nutrition.html,T,P1,Levallois
diversification alimentaire bébé diététicien,Diététique,/pages/dieteticien/enfant-nutrition.html,I,P2,National
néophobie alimentaire enfant,Diététique,/pages/dieteticien/enfant-nutrition.html,I,P2,National
surpoids enfant diététicien,Diététique,/pages/dieteticien/enfant-nutrition.html,I,P2,National
sélectivité alimentaire enfant consultation,Diététique,/pages/dieteticien/enfant-nutrition.html,I,P3,National
diététicien femme enceinte levallois,Diététique,/pages/dieteticien/femme-enceinte-nutrition.html,T,P1,Levallois
nutrition grossesse levallois perret,Diététique,/pages/dieteticien/femme-enceinte-nutrition.html,T,P1,Levallois
nutritionniste grossesse levallois,Diététique,/pages/dieteticien/femme-enceinte-nutrition.html,T,P1,Levallois
alimentation femme enceinte diététicien,Diététique,/pages/dieteticien/femme-enceinte-nutrition.html,I,P1,National
diabète gestationnel alimentation,Diététique,/pages/dieteticien/femme-enceinte-nutrition.html,I,P1,National
nutrition allaitement diététicien,Diététique,/pages/dieteticien/femme-enceinte-nutrition.html,I,P2,National
aliments interdits grossesse,Diététique,/pages/dieteticien/femme-enceinte-nutrition.html,I,P1,National
toxoplasmose aliments,Diététique,/pages/dieteticien/femme-enceinte-nutrition.html,I,P2,National
tarif consultation centre médical levallois,Tarifs/Pratique,/pages/tarifs.html,I,P2,Levallois
tarif ophtalmologue secteur 1,Tarifs/Pratique,/pages/tarifs.html,I,P1,National
tarif médecin généraliste secteur 1,Tarifs/Pratique,/pages/tarifs.html,I,P1,National
tarif kinésithérapeute secteur 1,Tarifs/Pratique,/pages/tarifs.html,I,P1,National
tarif soins infirmiers,Tarifs/Pratique,/pages/tarifs.html,I,P2,National
tarif psychologue mon soutien psy,Tarifs/Pratique,/pages/tarifs.html,I,P2,National
tarif diététicien,Tarifs/Pratique,/pages/tarifs.html,I,P2,National
remboursement ophtalmologue secteur 1,Tarifs/Pratique,/pages/tarifs.html,I,P2,National
remboursement kiné secteur 1,Tarifs/Pratique,/pages/tarifs.html,I,P2,National
ALD remboursement soins,Tarifs/Pratique,/pages/tarifs.html,I,P3,National
complémentaire santé solidaire,Tarifs/Pratique,/pages/tarifs.html,I,P3,National
comment venir centre médical levallois,Tarifs/Pratique,/pages/acces-horaires.html,I,P2,Levallois
horaires centre médical levallois,Tarifs/Pratique,/pages/acces-horaires.html,I,P1,Levallois
accès centre médical levallois perret,Tarifs/Pratique,/pages/acces-horaires.html,I,P1,Levallois
60 rue victor hugo levallois perret,Tarifs/Pratique,/pages/acces-horaires.html,N,P2,Levallois
urgences levallois perret,Urgences,/pages/urgences.html,T,P1,Levallois
urgences levallois,Urgences,/pages/urgences.html,T,P1,Levallois
urgences médicales levallois 92,Urgences,/pages/urgences.html,T,P1,Levallois
urgences sans rendez-vous levallois,Urgences,/pages/urgences.html,T,P1,Levallois
consultation urgente sans rdv levallois,Urgences,/pages/urgences.html,T,P1,Levallois
urgences hauts de seine,Urgences,/pages/urgences.html,T,P2,92
centre de soins urgences levallois,Urgences,/pages/urgences.html,T,P2,Levallois
doctolib ophtalmologue levallois,Doctolib/RDV,/ophtalmologue-levallois,T,P1,Levallois
doctolib médecin levallois perret,Doctolib/RDV,/medecin-generaliste-levallois,T,P1,Levallois
doctolib kiné levallois,Doctolib/RDV,/pages/kinesitherapie.html,T,P1,Levallois
doctolib psychologue levallois,Doctolib/RDV,/pages/psychologie.html,T,P1,Levallois
doctolib diététicien levallois,Doctolib/RDV,/pages/dieteticien.html,T,P1,Levallois
doctolib infirmier levallois,Doctolib/RDV,/pages/soins-infirmiers.html,T,P1,Levallois
prendre rdv ophtalmologue en ligne levallois,Doctolib/RDV,/ophtalmologue-levallois,T,P1,Levallois
prendre rdv médecin en ligne levallois,Doctolib/RDV,/medecin-generaliste-levallois,T,P1,Levallois
centre de santé pluridisciplinaire levallois,Généraliste,/pages/le-centre.html,C,P1,Levallois
centre pluridisciplinaire levallois perret,Généraliste,/pages/le-centre.html,C,P1,Levallois
centre médical pluridisciplinaire 92,Généraliste,/pages/le-centre.html,C,P2,92
équipe médicale centre levallois,Généraliste,/pages/equipe.html,I,P2,Levallois
médecins centre médical levallois,Généraliste,/pages/equipe.html,I,P2,Levallois
ophtalmologue avis levallois,Avis/Réputation,/ophtalmologue-levallois,C,P2,Levallois
kiné avis levallois perret,Avis/Réputation,/pages/kinesitherapie.html,C,P2,Levallois
psychologue avis levallois,Avis/Réputation,/pages/psychologie.html,C,P2,Levallois
diététicien avis levallois,Avis/Réputation,/pages/dieteticien.html,C,P2,Levallois
centre médical levallois avis,Avis/Réputation,/pages/le-centre.html,C,P2,Levallois
meilleur ophtalmologue levallois,Avis/Réputation,/ophtalmologue-levallois,C,P2,Levallois
meilleur kiné levallois perret,Avis/Réputation,/pages/kinesitherapie.html,C,P2,Levallois
meilleur psychologue levallois,Avis/Réputation,/pages/psychologie.html,C,P2,Levallois
meilleur diététicien levallois,Avis/Réputation,/pages/dieteticien.html,C,P2,Levallois
myopie ophtalmologue levallois,Ophtalmologie,/ophtalmologue-levallois,T,P2,Levallois
astigmatisme correction levallois,Ophtalmologie,/ophtalmologue-levallois,T,P2,Levallois
presbytie ophtalmologue levallois,Ophtalmologie,/ophtalmologue-levallois,T,P2,Levallois
hypermétropie ophtalmologue levallois,Ophtalmologie,/ophtalmologue-levallois,T,P3,Levallois
cataracte dépistage levallois,Ophtalmologie,/ophtalmologue-levallois,T,P2,Levallois
DMLA dépistage levallois,Ophtalmologie,/ophtalmologue-levallois,T,P3,Levallois
sécheresse oculaire ophtalmo levallois,Ophtalmologie,/ophtalmologue-levallois,T,P2,Levallois
conjonctivite traitement levallois,Ophtalmologie,/ophtalmologue-levallois,T,P3,Levallois
certificat médical levallois perret,Médecine Générale,/pages/medecine-generale/consultation.html,T,P2,Levallois
certificat médical sport levallois,Médecine Générale,/pages/medecine-generale/consultation.html,T,P2,Levallois
arrêt maladie médecin levallois,Médecine Générale,/pages/medecine-generale/consultation.html,T,P2,Levallois
bilan de santé médecin levallois,Médecine Générale,/pages/medecine-generale/consultation.html,T,P2,Levallois
renouvellement ordonnance médecin levallois,Médecine Générale,/pages/medecine-generale/consultation.html,T,P1,Levallois
frottis gynécologique médecin levallois,Médecine Générale,/pages/medecine-generale/consultation.html,T,P2,Levallois
dépistage IST levallois perret,Médecine Générale,/pages/medecine-generale/consultation.html,T,P2,Levallois
contraception médecin levallois,Médecine Générale,/pages/medecine-generale/consultation.html,T,P2,Levallois
kiné sportif levallois perret,Kinésithérapie,/pages/kinesitherapie.html,T,P1,Levallois
kiné sport levallois,Kinésithérapie,/pages/kinesitherapie.html,T,P1,Levallois
rééducation sportive levallois,Kinésithérapie,/pages/kinesitherapie.html,T,P2,Levallois
kiné tendinite levallois,Kinésithérapie,/pages/kinesitherapie.html,T,P1,Levallois
kiné tendon achille levallois,Kinésithérapie,/pages/kinesitherapie.html,T,P2,Levallois
kiné capsulite épaule levallois,Kinésithérapie,/pages/kinesitherapie/reeducation-membres-superieurs.html,T,P2,Levallois
kiné prothèse hanche levallois,Kinésithérapie,/pages/kinesitherapie/reeducation-membres-inferieurs.html,T,P2,Levallois
kiné ménisque levallois,Kinésithérapie,/pages/kinesitherapie/reeducation-membres-inferieurs.html,T,P2,Levallois
kiné hallux valgus levallois,Kinésithérapie,/pages/kinesitherapie/reeducation-membres-inferieurs.html,T,P3,Levallois
psychologue TCC levallois,Psychologie,/pages/psychologie.html,T,P2,Levallois
thérapie cognitive comportementale levallois,Psychologie,/pages/psychologie.html,T,P2,Levallois
psychologue phobies levallois,Psychologie,/pages/psychologie.html,T,P2,Levallois
psychologue TOC levallois,Psychologie,/pages/psychologie.html,T,P2,Levallois
psychologue estime de soi levallois,Psychologie,/pages/psychologie.html,T,P3,Levallois
psychologue gestion émotions levallois,Psychologie,/pages/psychologie.html,T,P3,Levallois
consultation diététique en ligne levallois,Diététique,/pages/dieteticien.html,T,P3,Levallois
menu type rééquilibrage alimentaire,Diététique,/pages/dieteticien/reequilibrage-alimentaire.html,I,P3,National
régime méditerranéen diététicien,Diététique,/pages/dieteticien/reequilibrage-alimentaire.html,I,P3,National
jeûne intermittent avis diététicien,Diététique,/pages/dieteticien/reequilibrage-alimentaire.html,I,P3,National
consultation diététicien remboursement mutuelle,Diététique,/pages/dieteticien.html,I,P1,National
diététicien remboursé sécurité sociale,Diététique,/pages/dieteticien.html,I,P1,National
prix consultation diététicien,Diététique,/pages/dieteticien.html,I,P1,National
différence diététicien nutritionniste,Diététique,/pages/dieteticien.html,I,P2,National
kiné respiratoire levallois,Kinésithérapie,/pages/kinesitherapie.html,T,P2,Levallois
kiné vestibulaire levallois,Kinésithérapie,/pages/kinesitherapie.html,T,P2,Levallois
kiné vertiges levallois perret,Kinésithérapie,/pages/kinesitherapie.html,T,P2,Levallois
kiné neurologique levallois,Kinésithérapie,/pages/kinesitherapie.html,T,P3,Levallois
rééducation après AVC kiné,Kinésithérapie,/pages/kinesitherapie.html,I,P3,National
kiné douleur chronique levallois,Kinésithérapie,/pages/kinesitherapie.html,T,P2,Levallois
kiné fibromyalgie levallois,Kinésithérapie,/pages/kinesitherapie.html,T,P3,Levallois
centre ophtalmologie levallois,Ophtalmologie,/ophtalmologue-levallois,T,P1,Levallois
cabinet ophtalmologie levallois perret,Ophtalmologie,/ophtalmologue-levallois,T,P1,Levallois
clinique ophtalmologique levallois,Ophtalmologie,/ophtalmologue-levallois,T,P2,Levallois
lentilles de contact adaptation levallois,Ophtalmologie,/pages/ophtalmologie/renouvellement-lunettes-lentilles.html,T,P2,Levallois
ordonnance lentilles renouvellement,Ophtalmologie,/pages/ophtalmologie/renouvellement-lunettes-lentilles.html,I,P2,National
durée validité ordonnance lunettes,Ophtalmologie,/pages/ophtalmologie/renouvellement-lunettes-lentilles.html,I,P1,National
combien coûte consultation ophtalmo secteur 1,Ophtalmologie,/pages/tarifs.html,I,P2,National
